dynamics,target,source,K,psi
chua,2,1,0.0,0.4038525769915725
chua,2,1,0.05,0.40293109256035914
chua,2,1,0.1,0.399747008519572
chua,2,1,0.15000000000000002,0.3979762549504364
chua,2,1,0.2,0.39570000951260176
chua,2,1,0.25,0.39295547143521814
chua,2,1,0.30000000000000004,0.39275710377493955
chua,2,1,0.35000000000000003,0.39152987157273045
chua,2,1,0.4,0.3909042206715908
chua,2,1,0.45,0.38948997305914496
chua,2,1,0.5,0.38267992313973187
chua,2,1,0.55,0.3815014115741606
chua,2,1,0.6000000000000001,0.3770533087627915
chua,2,1,0.65,0.3753636343505094
chua,2,1,0.7000000000000001,0.37030886616944575
chua,2,1,0.75,0.36279184188430147
chua,2,1,0.8,0.3561830647746263
chua,2,1,0.8500000000000001,0.34756231096818185
chua,2,1,0.9,0.3429354684488908
chua,2,1,0.9500000000000001,0.3355724621414942
chua,2,1,1.0,0.32856330122614913
chua,2,1,1.05,0.31710060232249415
chua,2,1,1.1,0.30658994615938306
chua,2,1,1.1500000000000001,0.29508821062885854
chua,2,1,1.2000000000000002,0.29361799907811026
chua,2,1,1.25,0.2954660760686053
chua,2,1,1.3,0.29678518426657186
chua,2,1,1.35,0.30310485292322353
chua,2,1,1.4000000000000001,0.3047906445762937
chua,2,1,1.4500000000000002,0.3049001214337848
chua,2,1,1.5,0.3084780064642876
chua,2,1,1.55,0.31433912759048677
chua,2,1,1.6,0.3206895893880082
chua,2,1,1.6500000000000001,0.32193600051263277
chua,2,1,1.7000000000000002,0.3272201403246317
chua,2,1,1.75,0.33102662646568715
chua,2,1,1.8,0.3350352640280481
chua,2,1,1.85,0.33673126104752826
chua,2,1,1.9000000000000001,0.3365724865379269
chua,2,1,1.9500000000000002,0.33530398433218156
chua,2,1,2.0,0.33511564198173793
chua,2,1,2.0500000000000003,0.3353166750819724
chua,2,1,2.1,0.33751283520061753
chua,2,1,2.15,0.3381206734428673
chua,2,1,2.2,0.33786411655756476
chua,2,1,2.25,0.33563861135608464
chua,2,1,2.3000000000000003,0.33474979443468755
chua,2,1,2.35,0.3316120303773561
chua,2,1,2.4000000000000004,0.33201333260134896
chua,2,1,2.45,0.3318439953600545
chua,2,1,2.5,0.3291067079467782
chua,2,1,2.5500000000000003,0.3284234541280922
chua,2,1,2.6,0.3275298238674594
chua,2,1,2.6500000000000004,0.32486927928746173
chua,2,1,2.7,0.32450435235281905
chua,2,1,2.75,0.3224088044529875
chua,2,1,2.8000000000000003,0.32014092491809615
chua,2,1,2.85,0.3195109991342034
chua,2,1,2.9000000000000004,0.31798216950371005
chua,2,1,2.95,0.31405190894394486
chua,2,1,3.0,0.3110738382525741
chua,2,1,3.0500000000000003,0.31255738554225454
chua,2,1,3.1,0.31004930858077456
chua,2,1,3.1500000000000004,0.31258249483447664
chua,2,1,3.2,0.310715843299519
chua,2,1,3.25,0.3083947791072747
chua,2,1,3.3000000000000003,0.31002799415954874
chua,2,1,3.35,0.31060047610179026
chua,2,1,3.4000000000000004,0.30703444265309005
chua,2,1,3.45,0.30607186485600246
chua,2,1,3.5,0.30487689752136254
chua,2,1,3.5500000000000003,0.30150107082299415
chua,2,1,3.6,0.2987888527725771
chua,2,1,3.6500000000000004,0.2968193347787696
chua,2,1,3.7,0.290033832063024
chua,2,1,3.75,0.29267497438486795
chua,2,1,3.8000000000000003,0.29838207584911725
chua,2,1,3.85,0.29835301037818357
chua,2,1,3.9000000000000004,0.3001957910574925
chua,2,1,3.95,0.2997722583043733
chua,2,1,4.0,0.29624596459129154
chua,2,1,4.05,0.29688262600941273
chua,2,1,4.1000000000000005,0.29408812091336056
chua,2,1,4.15,0.2947059824877533
chua,2,1,4.2,0.29306108348642695
chua,2,1,4.25,0.288787814846301
chua,2,1,4.3,0.285394653886219
chua,2,1,4.3500000000000005,0.27976981807394447
chua,2,1,4.4,0.27529226610940977
chua,2,1,4.45,0.27689860792451576
chua,2,1,4.5,0.27841673704512665
chua,2,1,4.55,0.28237372928595883
chua,2,1,4.6000000000000005,0.28354669291448603
chua,2,1,4.65,0.2831757593172119
chua,2,1,4.7,0.2823074643466926
chua,2,1,4.75,0.28285986013393805
chua,2,1,4.800000000000001,0.2804834239518276
chua,2,1,4.8500000000000005,0.2757494449155077
chua,2,1,4.9,0.27016734433616524
chua,2,1,4.95,0.2692475540402654
chua,2,1,5.0,0.2713500742466977
chua,2,1,5.050000000000001,0.27165318225210694
chua,2,1,5.1000000000000005,0.26955107834799824
chua,2,1,5.15,0.27074844720749813
chua,2,1,5.2,0.2682616823510771
chua,2,1,5.25,0.26643454347465034
chua,2,1,5.300000000000001,0.2647628913856453
chua,2,1,5.3500000000000005,0.2614382946760184
chua,2,1,5.4,0.26003900496614657
chua,2,1,5.45,0.25701801351952247
chua,2,1,5.5,0.2537808468212354
chua,2,1,5.550000000000001,0.2559012344420143
chua,2,1,5.6000000000000005,0.256390767513109
chua,2,1,5.65,0.2579688766501308
chua,2,1,5.7,0.2575436762981305
chua,2,1,5.75,0.2581356130819367
chua,2,1,5.800000000000001,0.25573553981424696
chua,2,1,5.8500000000000005,0.25328467997239373
chua,2,1,5.9,0.24965655058937283
chua,2,1,5.95,0.2474234348800256
chua,2,1,6.0,0.24346903238341394
chua,2,1,6.050000000000001,0.23931902449085574
chua,2,1,6.1000000000000005,0.24080446668222816
chua,2,1,6.15,0.23779969496028966
chua,2,1,6.2,0.23796675072460138
chua,2,1,6.25,0.23523422766419563
chua,2,1,6.300000000000001,0.23238736461658088
chua,2,1,6.3500000000000005,0.23147337210344604
chua,2,1,6.4,0.22804934255009313
chua,2,1,6.45,0.2261948350420134
chua,2,1,6.5,0.22248365268948533
chua,2,1,6.550000000000001,0.21884531385615932
chua,2,1,6.6000000000000005,0.21436516106318734
chua,2,1,6.65,0.21259455606890876
chua,2,1,6.7,0.2095376432934219
chua,2,1,6.75,0.20387465040290642
chua,2,1,6.800000000000001,0.1995028066885545
chua,2,1,6.8500000000000005,0.19625575933525397
chua,2,1,6.9,0.19340068900943588
chua,2,1,6.95,0.1905989403641911
chua,2,1,7.0,0.18661660848514441
chua,2,1,7.050000000000001,0.1842074497607612
chua,2,1,7.1000000000000005,0.1831470710426279
chua,2,1,7.15,0.17818964942179488
chua,2,1,7.2,0.17265193490547384
chua,2,1,7.25,0.16920397694897843
chua,2,1,7.300000000000001,0.16902975266434542
chua,2,1,7.3500000000000005,0.1628225799066243
chua,2,1,7.4,0.16073565379840846
chua,2,1,7.45,0.15921187455338012
chua,2,1,7.5,0.16015878119116805
chua,2,1,7.550000000000001,0.15879868203653008
chua,2,1,7.6000000000000005,0.15872100252527263
chua,2,1,7.65,0.1605371326302622
chua,2,1,7.7,0.16140694633094868
chua,2,1,7.75,0.16365336318566265
chua,2,1,7.800000000000001,0.16559089844704913
chua,2,1,7.8500000000000005,0.16693703826154532
chua,2,1,7.9,0.16997490229400347
chua,2,1,7.95,0.17073412818529976
chua,2,1,8.0,0.1735613472678416
chua,2,1,8.05,0.1740250150264198
chua,2,1,8.1,0.17474195197151768
chua,2,1,8.15,0.1774350720186475
chua,2,1,8.200000000000001,0.17710297148649579
chua,2,1,8.25,0.17668027591500815
chua,2,1,8.3,0.17750749130115598
chua,2,1,8.35,0.17733875013280637
chua,2,1,8.4,0.17694338459735065
chua,2,1,8.450000000000001,0.17437458583110196
chua,2,1,8.5,0.17069861826944285
chua,2,1,8.55,0.17029828762040905
chua,2,1,8.6,0.16923184389859244
chua,2,1,8.65,0.16850687769956396
chua,2,1,8.700000000000001,0.16583186326859553
chua,2,1,8.75,0.16558423771913364
chua,2,1,8.8,0.16817181582523327
chua,2,1,8.85,0.17183437129297985
chua,2,1,8.9,0.17428359693122653
chua,2,1,8.950000000000001,0.17696085253760482
chua,2,1,9.0,0.17870242908860584
chua,2,1,9.05,0.17772045454658936
chua,2,1,9.1,0.1794525373287187
chua,2,1,9.15,0.18029726116579825
chua,2,1,9.200000000000001,0.1806077672661869
chua,2,1,9.25,0.18037600553958774
chua,2,1,9.3,0.18026742816978947
chua,2,1,9.35,0.17938639515823465
chua,2,1,9.4,0.17838679554832193
chua,2,1,9.450000000000001,0.1776771445310186
chua,2,1,9.5,0.17614900848283707
chua,2,1,9.55,0.1734223925754053
chua,2,1,9.600000000000001,0.17215311431962535
chua,2,1,9.65,0.17177954571922177
chua,2,1,9.700000000000001,0.170410174237697
chua,2,1,9.75,0.16884134460036168
chua,2,1,9.8,0.16594870441743043
chua,2,1,9.850000000000001,0.16318674858004809
chua,2,1,9.9,0.1562239015827052
chua,2,1,9.950000000000001,0.15733004660599695
chua,2,1,10.0,0.15875135729658724
chua,2,1,10.05,0.15695097875668176
chua,2,1,10.100000000000001,0.15706508765369992
chua,2,1,10.15,0.1562428837083354
chua,2,1,10.200000000000001,0.15379480528258457
chua,2,1,10.25,0.15368338792603167
chua,2,1,10.3,0.15329524792301982
chua,2,1,10.350000000000001,0.15075305299205038
chua,2,1,10.4,0.14876969894581504
chua,2,1,10.450000000000001,0.1479075597171351
chua,2,1,10.5,0.1471500657779946
chua,2,1,10.55,0.1445993042221058
chua,2,1,10.600000000000001,0.1416520711746199
chua,2,1,10.65,0.13825069705495435
chua,2,1,10.700000000000001,0.13412321536754912
chua,2,1,10.75,0.1324870187147723
chua,2,1,10.8,0.12989694058414408
chua,2,1,10.850000000000001,0.12961729571117803
chua,2,1,10.9,0.12863571046761174
chua,2,1,10.950000000000001,0.1304672367999413
chua,2,1,11.0,0.12858367271375276
chua,2,1,11.05,0.127005329837511
chua,2,1,11.100000000000001,0.1237441897918424
chua,2,1,11.15,0.12447596005265152
chua,2,1,11.200000000000001,0.1226044855350192
chua,2,1,11.25,0.12461179926423915
chua,2,1,11.3,0.12343098378617567
chua,2,1,11.350000000000001,0.12304454203909501
chua,2,1,11.4,0.12176558418739668
chua,2,1,11.450000000000001,0.12164677535835433
chua,2,1,11.5,0.1219017856177462
chua,2,1,11.55,0.11792038880730003
chua,2,1,11.600000000000001,0.11760847613691511
chua,2,1,11.65,0.11444362877365112
chua,2,1,11.700000000000001,0.11220190093097027
chua,2,1,11.75,0.11260142305119279
chua,2,1,11.8,0.11057723881404387
chua,2,1,11.850000000000001,0.10806649189501909
chua,2,1,11.9,0.10731677347326261
chua,2,1,11.950000000000001,0.10611876500851891
chua,2,1,12.0,0.10210019807100082
chua,2,1,12.05,0.10532028354163975
chua,2,1,12.100000000000001,0.10674112914948866
chua,2,1,12.15,0.10516154910698149
chua,2,1,12.200000000000001,0.10683657925258894
chua,2,1,12.25,0.10503199925835835
chua,2,1,12.3,0.1033371295554839
chua,2,1,12.350000000000001,0.104345399093661
chua,2,1,12.4,0.10123533975842844
chua,2,1,12.450000000000001,0.10300864047065159
chua,2,1,12.5,0.10219784531986773
chua,2,1,12.55,0.10052698342977409
chua,2,1,12.600000000000001,0.09936351298871665
chua,2,1,12.65,0.09595211484720884
chua,2,1,12.700000000000001,0.09409744861513088
chua,2,1,12.75,0.09024328031047797
chua,2,1,12.8,0.09044009583617073
chua,2,1,12.850000000000001,0.08803795250130211
chua,2,1,12.9,0.08856872583190824
chua,2,1,12.950000000000001,0.09160394068140698
chua,2,1,13.0,0.0920172824484405
chua,2,1,13.05,0.09322218337653726
chua,2,1,13.100000000000001,0.09281764387029691
chua,2,1,13.15,0.09136603537623186
chua,2,1,13.200000000000001,0.09213507126253564
chua,2,1,13.25,0.08997049447673425
chua,2,1,13.3,0.09006154811522646
chua,2,1,13.350000000000001,0.08850365267251993
chua,2,1,13.4,0.085113901081421
chua,2,1,13.450000000000001,0.08466074695182867
chua,2,1,13.5,0.08388054768742667
chua,2,1,13.55,0.08380222302771123
chua,2,1,13.600000000000001,0.08307154765521618
chua,2,1,13.65,0.08185383794374704
chua,2,1,13.700000000000001,0.0787767293626996
chua,2,1,13.75,0.07848628754722052
chua,2,1,13.8,0.07771761533615597
chua,2,1,13.850000000000001,0.07551319996467748
chua,2,1,13.9,0.07457005952816946
chua,2,1,13.950000000000001,0.0730402238953124
chua,2,1,14.0,0.07118039419053154
chua,2,1,14.05,0.07114239921047712
chua,2,1,14.100000000000001,0.06854794669974874
chua,2,1,14.15,0.0705810117381047
chua,2,1,14.200000000000001,0.0683909662707257
chua,2,1,14.25,0.06366146295601936
chua,2,1,14.3,0.0642690445869447
chua,2,1,14.350000000000001,0.06489801528613558
chua,2,1,14.4,0.06162338131802351
chua,2,1,14.450000000000001,0.05914190970903515
chua,2,1,14.5,0.05601610365746263
chua,2,1,14.55,0.05174600343172457
chua,2,1,14.600000000000001,0.04982616858881561
chua,2,1,14.65,0.046232382513818074
chua,2,1,14.700000000000001,0.04553284872567699
chua,2,1,14.75,0.04682673932390009
chua,2,1,14.8,0.04842356350573478
chua,2,1,14.850000000000001,0.048686546196107156
chua,2,1,14.9,0.05001997834836172
chua,2,1,14.950000000000001,0.05283032729685243
chua,2,1,15.0,0.05471252878552076
chua,2,1,15.05,0.05723062974662784
chua,2,1,15.100000000000001,0.05813298098746236
chua,2,1,15.15,0.05683544750946795
chua,2,1,15.200000000000001,0.05559422696569265
chua,2,1,15.25,0.055709247796727236
chua,2,1,15.3,0.05517902226392878
chua,2,1,15.350000000000001,0.05621169523198931
chua,2,1,15.4,0.053763539330235005
chua,2,1,15.450000000000001,0.05327100399676027
chua,2,1,15.5,0.05073040486906611
chua,2,1,15.55,0.047958234408141655
chua,2,1,15.600000000000001,0.04618811457671819
chua,2,1,15.65,0.04579762355331145
chua,2,1,15.700000000000001,0.04533321975619294
chua,2,1,15.75,0.042049947825713814
chua,2,1,15.8,0.04303612973720533
chua,2,1,15.850000000000001,0.042079146074078685
chua,2,1,15.9,0.04037337817060341
chua,2,1,15.950000000000001,0.041566547171471964
chua,2,1,16.0,0.04151825196711709
chua,2,1,16.05,0.04079734050178617
chua,2,1,16.1,0.04044057847001826
chua,2,1,16.150000000000002,0.037840105313805356
chua,2,1,16.2,0.04020966281516687
chua,2,1,16.25,0.039807909459840675
chua,2,1,16.3,0.03680816047189002
chua,2,1,16.35,0.03395487209128343
chua,2,1,16.400000000000002,0.03656684542569591
chua,2,1,16.45,0.03523890291411353
chua,2,1,16.5,0.03660930214789564
chua,2,1,16.55,0.037111905957530805
chua,2,1,16.6,0.03669209734984986
chua,2,1,16.650000000000002,0.03555456676643023
chua,2,1,16.7,0.0350529843358265
chua,2,1,16.75,0.03461639320128648
chua,2,1,16.8,0.03309699974931294
chua,2,1,16.85,0.031018514965667553
chua,2,1,16.900000000000002,0.029018683084665018
chua,2,1,16.95,0.02752391454461581
chua,2,1,17.0,0.02632979983711343
chua,2,1,17.05,0.023102572918766072
chua,2,1,17.1,0.022250469166510925
chua,2,1,17.150000000000002,0.018529649324066685
chua,2,1,17.2,0.019723787525003863
chua,2,1,17.25,0.020399983740114643
chua,2,1,17.3,0.018733465447692065
chua,2,1,17.35,0.018080453068736246
chua,2,1,17.400000000000002,0.015615018964096753
chua,2,1,17.45,0.012633185286846803
chua,2,1,17.5,0.010969286797499684
chua,2,1,17.55,0.009120727247014713
chua,2,1,17.6,0.00556969541617392
chua,2,1,17.650000000000002,0.005098500649907922
chua,2,1,17.7,0.0017308309729232487
chua,2,1,17.75,0.0014469554802675145
chua,2,1,17.8,-0.0023751803968711173
chua,2,1,17.85,-0.001981978614517969
chua,2,1,17.900000000000002,-0.002376079241961699
chua,2,1,17.95,-0.003587897869248234
chua,2,1,18.0,-0.006304659259992881
chua,2,1,18.05,-0.009198805197493052
chua,2,1,18.1,-0.008985488741124823
chua,2,1,18.150000000000002,-0.010583389965991738
chua,2,1,18.2,-0.012623991644640722
chua,2,1,18.25,-0.013573680034984778
chua,2,1,18.3,-0.015768241040983785
chua,2,1,18.35,-0.018051796723727382
chua,2,1,18.400000000000002,-0.02163301522863856
chua,2,1,18.45,-0.023583231865979968
chua,2,1,18.5,-0.02861617810594796
chua,2,1,18.55,-0.030020851922413924
chua,2,1,18.6,-0.03192460397601579
chua,2,1,18.650000000000002,-0.035692574515026866
chua,2,1,18.7,-0.039624420667935256
chua,2,1,18.75,-0.04063009794503427
chua,2,1,18.8,-0.040350899285477526
chua,2,1,18.85,-0.04085502959434565
chua,2,1,18.900000000000002,-0.04065431817164651
chua,2,1,18.95,-0.042852448505478195
chua,2,1,19.0,-0.04075169069909739
chua,2,1,19.05,-0.04140673312136944
chua,2,1,19.1,-0.039517239428451936
chua,2,1,19.150000000000002,-0.040195990144478916
chua,2,1,19.200000000000003,-0.040472468170807865
chua,2,1,19.25,-0.04062759322688803
chua,2,1,19.3,-0.04061562656811368
chua,2,1,19.35,-0.03902604071118928
chua,2,1,19.400000000000002,-0.03830754279647386
chua,2,1,19.450000000000003,-0.039070240829401526
chua,2,1,19.5,-0.040268208235260415
chua,2,1,19.55,-0.04060081736692545
chua,2,1,19.6,-0.040462134166093934
chua,2,1,19.650000000000002,-0.039900833579654175
chua,2,1,19.700000000000003,-0.04075303867235071
chua,2,1,19.75,-0.04119052869433691
chua,2,1,19.8,-0.04343657481266506
chua,2,1,19.85,-0.04534989647408166
chua,2,1,19.900000000000002,-0.046136053025829925
chua,2,1,19.950000000000003,-0.04562394137145725
chua,2,1,20.0,-0.046896769549586555
chua,2,1,20.05,-0.04840329851802131
chua,2,1,20.1,-0.05079667685282365
chua,2,1,20.150000000000002,-0.05239705189450197
chua,2,1,20.200000000000003,-0.050470976371686335
chua,2,1,20.25,-0.05090910488868189
chua,2,1,20.3,-0.052492033964118105
chua,2,1,20.35,-0.053987020937381267
chua,2,1,20.400000000000002,-0.05403903517820418
chua,2,1,20.450000000000003,-0.053730009384585734
chua,2,1,20.5,-0.054394083457559576
chua,2,1,20.55,-0.057653913670028915
chua,2,1,20.6,-0.058110290737621854
chua,2,1,20.650000000000002,-0.06185206846689684
chua,2,1,20.700000000000003,-0.061534329018519754
chua,2,1,20.75,-0.06456387277965238
chua,2,1,20.8,-0.06600158825736567
chua,2,1,20.85,-0.0662540430269385
chua,2,1,20.900000000000002,-0.06757813297548727
chua,2,1,20.950000000000003,-0.06833381146788853
chua,2,1,21.0,-0.068219105632522
chua,2,1,21.05,-0.06745315491191504
chua,2,1,21.1,-0.06668341928887267
chua,2,1,21.150000000000002,-0.06706867720079364
chua,2,1,21.200000000000003,-0.06846604562820258
chua,2,1,21.25,-0.07125303586267011
chua,2,1,21.3,-0.0727270685941554
chua,2,1,21.35,-0.07393405120032365
chua,2,1,21.400000000000002,-0.07497307745874605
chua,2,1,21.450000000000003,-0.07573361992947779
chua,2,1,21.5,-0.07687856773468582
chua,2,1,21.55,-0.07951626496933585
chua,2,1,21.6,-0.07991717029565634
chua,2,1,21.650000000000002,-0.08143654048615692
chua,2,1,21.700000000000003,-0.08341294106441088
chua,2,1,21.75,-0.08733802145726843
chua,2,1,21.8,-0.08548424593298445
chua,2,1,21.85,-0.08845431916098642
chua,2,1,21.900000000000002,-0.08863786176387835
chua,2,1,21.950000000000003,-0.08972639638592204
chua,2,1,22.0,-0.09336210634192685
chua,2,1,22.05,-0.09435810860442732
chua,2,1,22.1,-0.09575161674471995
chua,2,1,22.150000000000002,-0.0972948571821924
chua,2,1,22.200000000000003,-0.09855089794589844
chua,2,1,22.25,-0.0991626815632465
chua,2,1,22.3,-0.09986244490792204
chua,2,1,22.35,-0.1003094879261496
chua,2,1,22.400000000000002,-0.10179966086913547
chua,2,1,22.450000000000003,-0.10439363228841787
chua,2,1,22.5,-0.10796343641422805
chua,2,1,22.55,-0.11097550442945286
chua,2,1,22.6,-0.11280046622510023
chua,2,1,22.650000000000002,-0.11364283456401389
chua,2,1,22.700000000000003,-0.11534904025420144
chua,2,1,22.75,-0.11780422253956593
chua,2,1,22.8,-0.11684923441663615
chua,2,1,22.85,-0.11928738795973672
chua,2,1,22.900000000000002,-0.11872905298862753
chua,2,1,22.950000000000003,-0.119183426049464
chua,2,1,23.0,-0.11993185249106608
chua,2,1,23.05,-0.11883878639187684
chua,2,1,23.1,-0.11921407303443671
chua,2,1,23.150000000000002,-0.1180520165899382
chua,2,1,23.200000000000003,-0.1181201136764449
chua,2,1,23.25,-0.11850319858700578
chua,2,1,23.3,-0.1202125201879563
chua,2,1,23.35,-0.11979997781535745
chua,2,1,23.400000000000002,-0.11936391893217244
chua,2,1,23.450000000000003,-0.12090122348403777
chua,2,1,23.5,-0.12009998095831358
chua,2,1,23.55,-0.12080793137440368
chua,2,1,23.6,-0.12242593102800393
chua,2,1,23.650000000000002,-0.12081885844087809
chua,2,1,23.700000000000003,-0.12096333096347632
chua,2,1,23.75,-0.1204047193993908
chua,2,1,23.8,-0.12079354511979473
chua,2,1,23.85,-0.12115829791246661
chua,2,1,23.900000000000002,-0.12327064657504157
chua,2,1,23.950000000000003,-0.1238253460501415
chua,2,1,24.0,-0.12370398245134319
chua,2,1,24.05,-0.12538482806819862
chua,2,1,24.1,-0.12730178918819096
chua,2,1,24.150000000000002,-0.12780817560826155
chua,2,1,24.200000000000003,-0.12892712485011967
chua,2,1,24.25,-0.1306901274163917
chua,2,1,24.3,-0.13116062491845326
chua,2,1,24.35,-0.13247953909695015
chua,2,1,24.400000000000002,-0.1348739970545419
chua,2,1,24.450000000000003,-0.13485667969567555
chua,2,1,24.5,-0.1343443634516478
chua,2,1,24.55,-0.13659534761652148
chua,2,1,24.6,-0.1353453128597409
chua,2,1,24.650000000000002,-0.1357132988026717
chua,2,1,24.700000000000003,-0.13788065549231646
chua,2,1,24.75,-0.1390409537621798
chua,2,1,24.8,-0.13827285605195816
chua,2,1,24.85,-0.13845811641526087
chua,2,1,24.900000000000002,-0.14157037405110237
chua,2,1,24.950000000000003,-0.14357872067141292
chua,2,1,25.0,-0.1412648972458889
chua,2,1,25.05,-0.14275427336727325
chua,2,1,25.1,-0.14286368554113885
chua,2,1,25.150000000000002,-0.13996574183202948
chua,2,1,25.200000000000003,-0.14102085335243947
chua,2,1,25.25,-0.14015572323466888
chua,2,1,25.3,-0.14174518284740628
chua,2,1,25.35,-0.14194106735453815
chua,2,1,25.400000000000002,-0.14421930946066944
chua,2,1,25.450000000000003,-0.14610152869186052
chua,2,1,25.5,-0.14626163305187567
chua,2,1,25.55,-0.14649375788346616
chua,2,1,25.6,-0.1464667338123978
chua,2,1,25.650000000000002,-0.145536229578203
chua,2,1,25.700000000000003,-0.14504073283885696
chua,2,1,25.75,-0.14505089216247807
chua,2,1,25.8,-0.1453572395861868
chua,2,1,25.85,-0.14717710944432638
chua,2,1,25.900000000000002,-0.14798165616162143
chua,2,1,25.950000000000003,-0.147832389449669
chua,2,1,26.0,-0.1500310425906373
chua,2,1,26.05,-0.15096366095268293
chua,2,1,26.1,-0.1504359003967795
chua,2,1,26.150000000000002,-0.15053469975343475
chua,2,1,26.200000000000003,-0.15034427475615383
chua,2,1,26.25,-0.15088847182569537
chua,2,1,26.3,-0.1503555033246064
chua,2,1,26.35,-0.15068381558793623
chua,2,1,26.400000000000002,-0.15121831598765972
chua,2,1,26.450000000000003,-0.15186019264172312
chua,2,1,26.5,-0.15210653250535053
chua,2,1,26.55,-0.15359805159243015
chua,2,1,26.6,-0.15614068181366067
chua,2,1,26.650000000000002,-0.15977615608874982
chua,2,1,26.700000000000003,-0.15626942014639797
chua,2,1,26.75,-0.1558899714424001
chua,2,1,26.8,-0.15668829071584964
chua,2,1,26.85,-0.15774312428497583
chua,2,1,26.900000000000002,-0.15936951463415483
chua,2,1,26.950000000000003,-0.16166812440896317
chua,2,1,27.0,-0.1666046869959944
chua,2,1,27.05,-0.1670363688916199
chua,2,1,27.1,-0.16587769309389863
chua,2,1,27.150000000000002,-0.16594439754908372
chua,2,1,27.200000000000003,-0.16688520886089814
chua,2,1,27.25,-0.16667727431641435
chua,2,1,27.3,-0.16660953038229856
chua,2,1,27.35,-0.16729480278400727
chua,2,1,27.400000000000002,-0.16836762061969948
chua,2,1,27.450000000000003,-0.17064994361429062
chua,2,1,27.5,-0.17112017402838434
chua,2,1,27.55,-0.17290854764235514
chua,2,1,27.6,-0.17543890004925022
chua,2,1,27.650000000000002,-0.17816002212615872
chua,2,1,27.700000000000003,-0.17828722448011536
chua,2,1,27.75,-0.1785655489282501
chua,2,1,27.8,-0.1808322260426678
chua,2,1,27.85,-0.1821439261331202
chua,2,1,27.900000000000002,-0.18270663456886008
chua,2,1,27.950000000000003,-0.18421377986113752
chua,2,1,28.0,-0.18711301842597028
chua,2,1,28.05,-0.18851399431062169
chua,2,1,28.1,-0.18748175307072776
chua,2,1,28.150000000000002,-0.18859017748687484
chua,2,1,28.200000000000003,-0.18914860845416934
chua,2,1,28.25,-0.18986291668350516
chua,2,1,28.3,-0.19165275584217273
chua,2,1,28.35,-0.19265038447707317
chua,2,1,28.400000000000002,-0.19348968192929458
chua,2,1,28.450000000000003,-0.19573307685454056
chua,2,1,28.5,-0.19693718991189454
chua,2,1,28.55,-0.1982134599277634
chua,2,1,28.6,-0.20283975954549344
chua,2,1,28.650000000000002,-0.2050780872285422
chua,2,1,28.700000000000003,-0.20617092480706345
chua,2,1,28.75,-0.2080905653533382
chua,2,1,28.8,-0.2117324274353949
chua,2,1,28.85,-0.21181419467849738
chua,2,1,28.900000000000002,-0.21319675437009225
chua,2,1,28.950000000000003,-0.21382348764288253
chua,2,1,29.0,-0.21380534544442267
chua,2,1,29.05,-0.21331602369356348
chua,2,1,29.1,-0.21499687182429478
chua,2,1,29.150000000000002,-0.22121188460295874
chua,2,1,29.200000000000003,-0.2167936347031061
chua,2,1,29.25,-0.21792686805025455
chua,2,1,29.3,-0.21681839687673302
chua,2,1,29.35,-0.2156769015230525
chua,2,1,29.400000000000002,-0.2162447852948566
chua,2,1,29.450000000000003,-0.21574044726743297
chua,2,1,29.5,-0.2171031045241985
chua,2,1,29.55,-0.2172957105870156
chua,2,1,29.6,-0.21604283986215253
chua,2,1,29.650000000000002,-0.21676495480745817
chua,2,1,29.700000000000003,-0.21677423419304429
chua,2,1,29.75,-0.21611307943805852
chua,2,1,29.8,-0.2169779506503994
chua,2,1,29.85,-0.2154933709855296
chua,2,1,29.900000000000002,-0.21503471326647874
chua,2,1,29.950000000000003,-0.21621034517021614
chua,2,1,30.0,-0.2164526025794374
chua,2,1,30.05,-0.21542153526828212
chua,2,1,30.1,-0.21731113362804486
chua,2,1,30.150000000000002,-0.21682745680902724
chua,2,1,30.200000000000003,-0.21701187340483807
chua,2,1,30.25,-0.21901602675904075
chua,2,1,30.3,-0.2196928523659081
chua,2,1,30.35,-0.21894422419016224
chua,2,1,30.400000000000002,-0.2180620280290961
chua,2,1,30.450000000000003,-0.21791886813339637
chua,2,1,30.5,-0.21899072167733685
chua,2,1,30.55,-0.21675762922824768
chua,2,1,30.6,-0.21705565409902572
chua,2,1,30.650000000000002,-0.22060387994528063
chua,2,1,30.700000000000003,-0.21899296219185943
chua,2,1,30.75,-0.22004689963641727
chua,2,1,30.8,-0.21888111809313768
chua,2,1,30.85,-0.22015099470077165
chua,2,1,30.900000000000002,-0.22133125886762678
chua,2,1,30.950000000000003,-0.21963086030339532
chua,2,1,31.0,-0.21925020428219158
chua,2,1,31.05,-0.21921970437311344
chua,2,1,31.1,-0.22003638929118835
chua,2,1,31.150000000000002,-0.21930728399481192
chua,2,1,31.200000000000003,-0.21986619454070327
chua,2,1,31.25,-0.2201159633110726
chua,2,1,31.3,-0.22071617363695198
chua,2,1,31.35,-0.2205234977184645
chua,2,1,31.400000000000002,-0.22199835457239542
chua,2,1,31.450000000000003,-0.22258719277802516
chua,2,1,31.5,-0.22217838370083823
chua,2,1,31.55,-0.22329613469565898
chua,2,1,31.6,-0.2255558095929066
chua,2,1,31.650000000000002,-0.22704647483262186
chua,2,1,31.700000000000003,-0.22679647647054854
chua,2,1,31.75,-0.227708070890253
chua,2,1,31.8,-0.22923420878657708
chua,2,1,31.85,-0.23044940554430207
chua,2,1,31.900000000000002,-0.23157031852660828
chua,2,1,31.950000000000003,-0.2317630428349068
chua,2,1,32.0,-0.23186119526005924
chua,2,1,32.050000000000004,-0.23212835725063044
chua,2,1,32.1,-0.23284574212514303
chua,2,1,32.15,-0.23342293564535285
chua,2,1,32.2,-0.234526434808492
chua,2,1,32.25,-0.23805280750744207
chua,2,1,32.300000000000004,-0.23522387741729484
chua,2,1,32.35,-0.23565586031580188
chua,2,1,32.4,-0.2385943987293833
chua,2,1,32.45,-0.2385431794331808
chua,2,1,32.5,-0.239116838563517
chua,2,1,32.550000000000004,-0.23898386209924222
chua,2,1,32.6,-0.23777849020537956
chua,2,1,32.65,-0.23737584964057404
chua,2,1,32.7,-0.23383202857708618
chua,2,1,32.75,-0.23321088215725305
chua,2,1,32.800000000000004,-0.23243148191395097
chua,2,1,32.85,-0.2304746983836628
chua,2,1,32.9,-0.22858609048304812
chua,2,1,32.95,-0.22828613366314557
chua,2,1,33.0,-0.22911299714279937
chua,2,1,33.050000000000004,-0.23133995247602834
chua,2,1,33.1,-0.2287891930709009
chua,2,1,33.15,-0.22844073190283834
chua,2,1,33.2,-0.22906767861545746
chua,2,1,33.25,-0.2289235964098259
chua,2,1,33.300000000000004,-0.23012441337982534
chua,2,1,33.35,-0.23315569295742433
chua,2,1,33.4,-0.23349790375250482
chua,2,1,33.45,-0.23289666871899123
chua,2,1,33.5,-0.23160373254128222
chua,2,1,33.550000000000004,-0.23296716002381046
chua,2,1,33.6,-0.2349363851547907
chua,2,1,33.65,-0.23607048612013318
chua,2,1,33.7,-0.23855474309432917
chua,2,1,33.75,-0.2385424094721098
chua,2,1,33.800000000000004,-0.24060751815870982
chua,2,1,33.85,-0.24126785092386857
chua,2,1,33.9,-0.24098145645080957
chua,2,1,33.95,-0.23977543654229866
chua,2,1,34.0,-0.24103211183809412
chua,2,1,34.050000000000004,-0.24117311758714072
chua,2,1,34.1,-0.24117728816540335
chua,2,1,34.15,-0.23908563658983126
chua,2,1,34.2,-0.24010067217453
chua,2,1,34.25,-0.24354149606484468
chua,2,1,34.300000000000004,-0.24597750399446372
chua,2,1,34.35,-0.24695178321032632
chua,2,1,34.4,-0.24474614713004245
chua,2,1,34.45,-0.2473691485110951
chua,2,1,34.5,-0.24250279410341735
chua,2,1,34.550000000000004,-0.24230161567860967
chua,2,1,34.6,-0.24368664813928703
chua,2,1,34.65,-0.24091728872327486
chua,2,1,34.7,-0.23779481096910918
chua,2,1,34.75,-0.23898245763595113
chua,2,1,34.800000000000004,-0.2368237239416627
chua,2,1,34.85,-0.23650968948437784
chua,2,1,34.9,-0.2360580886613428
chua,2,1,34.95,-0.23773781020778323
chua,2,1,35.0,-0.23662608693671885
chua,2,1,35.050000000000004,-0.23717632680995102
chua,2,1,35.1,-0.23508961130328596
chua,2,1,35.15,-0.23535525775835417
chua,2,1,35.2,-0.236151238515357
chua,2,1,35.25,-0.23603827818225998
chua,2,1,35.300000000000004,-0.23800136861048116
chua,2,1,35.35,-0.2396377173625374
chua,2,1,35.4,-0.24031992403833916
chua,2,1,35.45,-0.24020523379166742
chua,2,1,35.5,-0.23997693945898482
chua,2,1,35.550000000000004,-0.24146783334217775
chua,2,1,35.6,-0.2431657272033972
chua,2,1,35.65,-0.24291220533255228
chua,2,1,35.7,-0.24345038563456894
chua,2,1,35.75,-0.2425801297147339
chua,2,1,35.800000000000004,-0.2431939778441263
chua,2,1,35.85,-0.24428053660739427
chua,2,1,35.9,-0.24558483850152243
chua,2,1,35.95,-0.24645655419345455
chua,2,1,36.0,-0.24636469012361806
chua,2,1,36.050000000000004,-0.24754881567629833
chua,2,1,36.1,-0.2494676125054842
chua,2,1,36.15,-0.25092820137597205
chua,2,1,36.2,-0.2523319040501383
chua,2,1,36.25,-0.25221762799642716
chua,2,1,36.300000000000004,-0.2538131194303252
chua,2,1,36.35,-0.2539562521178184
chua,2,1,36.4,-0.25325816348753416
chua,2,1,36.45,-0.25187157909591934
chua,2,1,36.5,-0.24975121121876423
chua,2,1,36.550000000000004,-0.25099216448844824
chua,2,1,36.6,-0.2497512407875694
chua,2,1,36.65,-0.2512740604821661
chua,2,1,36.7,-0.2499269650838498
chua,2,1,36.75,-0.2514595601452681
chua,2,1,36.800000000000004,-0.25205114470277
chua,2,1,36.85,-0.25538760597760224
chua,2,1,36.9,-0.2546899644088661
chua,2,1,36.95,-0.25353046861355893
chua,2,1,37.0,-0.2534488762810004
chua,2,1,37.050000000000004,-0.2540161464495302
chua,2,1,37.1,-0.2552038593122314
chua,2,1,37.15,-0.25552592489045556
chua,2,1,37.2,-0.25702224045868854
chua,2,1,37.25,-0.2599682663010981
chua,2,1,37.300000000000004,-0.2597961939475829
chua,2,1,37.35,-0.26038767104061605
chua,2,1,37.4,-0.2588068415033399
chua,2,1,37.45,-0.2566410647151718
chua,2,1,37.5,-0.2576571088505782
chua,2,1,37.550000000000004,-0.25490426322663795
chua,2,1,37.6,-0.2549128434477122
chua,2,1,37.65,-0.2553824301491134
chua,2,1,37.7,-0.2554734191618636
chua,2,1,37.75,-0.2557313526063091
chua,2,1,37.800000000000004,-0.2585699037760424
chua,2,1,37.85,-0.25898330097979155
chua,2,1,37.9,-0.2593067156798872
chua,2,1,37.95,-0.2629802553865119
chua,2,1,38.0,-0.2633487984500263
chua,2,1,38.050000000000004,-0.265568203698254
chua,2,1,38.1,-0.26703771188040415
chua,2,1,38.15,-0.26910720652653003
chua,2,1,38.2,-0.26903066759141675
chua,2,1,38.25,-0.2719982113010899
chua,2,1,38.300000000000004,-0.27215992063816735
chua,2,1,38.35,-0.2742729711976057
chua,2,1,38.400000000000006,-0.2748622456130858
chua,2,1,38.45,-0.2782479761678504
chua,2,1,38.5,-0.27816850305641405
chua,2,1,38.550000000000004,-0.28261326051713337
chua,2,1,38.6,-0.28245979374568797
chua,2,1,38.650000000000006,-0.2802258606656818
chua,2,1,38.7,-0.28030806482111437
chua,2,1,38.75,-0.27550326318446516
chua,2,1,38.800000000000004,-0.27740066011784653
chua,2,1,38.85,-0.2757141938446966
chua,2,1,38.900000000000006,-0.2759801827538848
chua,2,1,38.95,-0.28126492498506084
chua,2,1,39.0,-0.2792948628864113
chua,2,1,39.050000000000004,-0.27756178480561033
chua,2,1,39.1,-0.27606925339573174
chua,2,1,39.150000000000006,-0.27617647968780806
chua,2,1,39.2,-0.27643472533745844
chua,2,1,39.25,-0.27804898881135526
chua,2,1,39.300000000000004,-0.2759290519536523
chua,2,1,39.35,-0.27310425155674267
chua,2,1,39.400000000000006,-0.2718893748262031
chua,2,1,39.45,-0.27085516468176424
chua,2,1,39.5,-0.2723717726088934
chua,2,1,39.550000000000004,-0.2733243718389694
chua,2,1,39.6,-0.2719704636458642
chua,2,1,39.650000000000006,-0.27107386683004003
chua,2,1,39.7,-0.27133479164879587
chua,2,1,39.75,-0.26997831943722184
chua,2,1,39.800000000000004,-0.26828832753483745
chua,2,1,39.85,-0.2667145011518766
chua,2,1,39.900000000000006,-0.2677336440627306
chua,2,1,39.95,-0.26927243500818976
chua,2,1,40.0,-0.2702495953906523
chua,2,1,40.050000000000004,-0.2709303479265095
chua,2,1,40.1,-0.2736883215926622
chua,2,1,40.150000000000006,-0.26994358004396507
chua,2,1,40.2,-0.26895104481164495
chua,2,1,40.25,-0.2693385042358776
chua,2,1,40.300000000000004,-0.26914584698430305
chua,2,1,40.35,-0.26778837094537683
chua,2,1,40.400000000000006,-0.26851508944062813
chua,2,1,40.45,-0.2676795185981163
chua,2,1,40.5,-0.267101521024819
chua,2,1,40.550000000000004,-0.26935707417614796
chua,2,1,40.6,-0.2693605159780573
chua,2,1,40.650000000000006,-0.2677666571990452
chua,2,1,40.7,-0.2659733353781411
chua,2,1,40.75,-0.2658726357265257
chua,2,1,40.800000000000004,-0.2656901508331394
chua,2,1,40.85,-0.26676292469791935
chua,2,1,40.900000000000006,-0.2693864193613748
chua,2,1,40.95,-0.2692559489777077
chua,2,1,41.0,-0.2691545787764087
chua,2,1,41.050000000000004,-0.2699296734739553
chua,2,1,41.1,-0.2704417141185481
chua,2,1,41.150000000000006,-0.27354141198454146
chua,2,1,41.2,-0.2723334578428596
chua,2,1,41.25,-0.27218455340204883
chua,2,1,41.300000000000004,-0.27005943777294233
chua,2,1,41.35,-0.2684568861817606
chua,2,1,41.400000000000006,-0.26863255615489967
chua,2,1,41.45,-0.2702832805975164
chua,2,1,41.5,-0.27050317503668125
chua,2,1,41.550000000000004,-0.2756807657733772
chua,2,1,41.6,-0.27579181612497117
chua,2,1,41.650000000000006,-0.2762386675655425
chua,2,1,41.7,-0.2769048541473764
chua,2,1,41.75,-0.27703819347893477
chua,2,1,41.800000000000004,-0.27774140994018837
chua,2,1,41.85,-0.27978079172146303
chua,2,1,41.900000000000006,-0.2793301445942816
chua,2,1,41.95,-0.27794884661903224
chua,2,1,42.0,-0.27671550947511503
chua,2,1,42.050000000000004,-0.27514542402978537
chua,2,1,42.1,-0.27485684320394904
chua,2,1,42.150000000000006,-0.27715926189986595
chua,2,1,42.2,-0.27618457799722096
chua,2,1,42.25,-0.2782824104550847
chua,2,1,42.300000000000004,-0.279551056573368
chua,2,1,42.35,-0.2811577823825082
chua,2,1,42.400000000000006,-0.28230784243054813
chua,2,1,42.45,-0.2809354911212271
chua,2,1,42.5,-0.28108755018609316
chua,2,1,42.550000000000004,-0.2810833608365162
chua,2,1,42.6,-0.2825514609095547
chua,2,1,42.650000000000006,-0.2852292884247768
chua,2,1,42.7,-0.282795040119993
chua,2,1,42.75,-0.28525813734353056
chua,2,1,42.800000000000004,-0.2838932120925611
chua,2,1,42.85,-0.282690261060528
chua,2,1,42.900000000000006,-0.28115721472925304
chua,2,1,42.95,-0.27984178347767036
chua,2,1,43.0,-0.28066870642481406
chua,2,1,43.050000000000004,-0.2847519354749921
chua,2,1,43.1,-0.2865038396996953
chua,2,1,43.150000000000006,-0.28568102192853817
chua,2,1,43.2,-0.28438564530721605
chua,2,1,43.25,-0.2844019170220188
chua,2,1,43.300000000000004,-0.2864022260289783
chua,2,1,43.35,-0.2872998891205715
chua,2,1,43.400000000000006,-0.28965673289781685
chua,2,1,43.45,-0.2882075000979774
chua,2,1,43.5,-0.28990831728639116
chua,2,1,43.550000000000004,-0.2893407086848028
chua,2,1,43.6,-0.29312610421739776
chua,2,1,43.650000000000006,-0.29275201232449105
chua,2,1,43.7,-0.290177201081796
chua,2,1,43.75,-0.28726117898582704
chua,2,1,43.800000000000004,-0.2841919461992489
chua,2,1,43.85,-0.28336703806343905
chua,2,1,43.900000000000006,-0.2834604132339081
chua,2,1,43.95,-0.28566265438552013
chua,2,1,44.0,-0.290189295179355
chua,2,1,44.050000000000004,-0.28851361914014734
chua,2,1,44.1,-0.2886350703873464
chua,2,1,44.150000000000006,-0.28902223279979916
chua,2,1,44.2,-0.2916134539695464
chua,2,1,44.25,-0.2891110164524852
chua,2,1,44.300000000000004,-0.28612335644805714
chua,2,1,44.35,-0.28263049695027637
chua,2,1,44.400000000000006,-0.28091339383611597
chua,2,1,44.45,-0.2812299738445527
chua,2,1,44.5,-0.2824375468951289
chua,2,1,44.550000000000004,-0.28463302551047215
chua,2,1,44.6,-0.2834407128650982
chua,2,1,44.650000000000006,-0.28386648886234467
chua,2,1,44.7,-0.2818210596664808
chua,2,1,44.75,-0.28180760968171115
chua,2,1,44.800000000000004,-0.2833841542865471
chua,2,1,44.85,-0.28314334294741145
chua,2,1,44.900000000000006,-0.28524365862363116
chua,2,1,44.95,-0.2879143498705962
chua,2,1,45.0,-0.2876140967139716
chua,2,1,45.050000000000004,-0.29016005016688906
chua,2,1,45.1,-0.29002143874140934
chua,2,1,45.150000000000006,-0.29065299723488763
chua,2,1,45.2,-0.29174311654789864
chua,2,1,45.25,-0.29220237628961193
chua,2,1,45.300000000000004,-0.2917385923017279
chua,2,1,45.35,-0.2928874140447729
chua,2,1,45.400000000000006,-0.28938098791901096
chua,2,1,45.45,-0.290753204168047
chua,2,1,45.5,-0.28947424513019115
chua,2,1,45.550000000000004,-0.29012529849854407
chua,2,1,45.6,-0.28885523229756105
chua,2,1,45.650000000000006,-0.28996546921716115
chua,2,1,45.7,-0.2906952836770676
chua,2,1,45.75,-0.2921869097566807
chua,2,1,45.800000000000004,-0.2882596102414374
chua,2,1,45.85,-0.288955524467446
chua,2,1,45.900000000000006,-0.28690617890546416
chua,2,1,45.95,-0.28888014983520466
chua,2,1,46.0,-0.2891019261571089
chua,2,1,46.050000000000004,-0.28675006794889385
chua,2,1,46.1,-0.2860157876404546
chua,2,1,46.150000000000006,-0.28524857185536573
chua,2,1,46.2,-0.2830547997571048
chua,2,1,46.25,-0.28272903152875867
chua,2,1,46.300000000000004,-0.28327488783180765
chua,2,1,46.35,-0.28522645551361886
chua,2,1,46.400000000000006,-0.2888549446122805
chua,2,1,46.45,-0.286393883371212
chua,2,1,46.5,-0.2865761891564746
chua,2,1,46.550000000000004,-0.28519915843496974
chua,2,1,46.6,-0.28786213999623406
chua,2,1,46.650000000000006,-0.2885723008202007
chua,2,1,46.7,-0.29031178375824024
chua,2,1,46.75,-0.28750178464986
chua,2,1,46.800000000000004,-0.289449405457906
chua,2,1,46.85,-0.2902214836204884
chua,2,1,46.900000000000006,-0.29054307137276975
chua,2,1,46.95,-0.28880907343048423
chua,2,1,47.0,-0.288285149972364
chua,2,1,47.050000000000004,-0.28796421091199054
chua,2,1,47.1,-0.28834129956108195
chua,2,1,47.150000000000006,-0.28829970558634843
chua,2,1,47.2,-0.29013084935493033
chua,2,1,47.25,-0.28861783139507247
chua,2,1,47.300000000000004,-0.28865798051924935
chua,2,1,47.35,-0.29031752638608127
chua,2,1,47.400000000000006,-0.29117101039426746
chua,2,1,47.45,-0.29098864106445954
chua,2,1,47.5,-0.2917728348521817
chua,2,1,47.550000000000004,-0.29226404372144454
chua,2,1,47.6,-0.29295486898467166
chua,2,1,47.650000000000006,-0.29199372734282825
chua,2,1,47.7,-0.2921149082409934
chua,2,1,47.75,-0.290240586854677
chua,2,1,47.800000000000004,-0.29093874821974647
chua,2,1,47.85,-0.2910473569367244
chua,2,1,47.900000000000006,-0.28849232717637585
chua,2,1,47.95,-0.2894313679640152
chua,2,1,48.0,-0.2893672613475969
chua,2,1,48.050000000000004,-0.29073501991262635
chua,2,1,48.1,-0.2908907861673864
chua,2,1,48.150000000000006,-0.2912280870816019
chua,2,1,48.2,-0.29050100531525475
chua,2,1,48.25,-0.2891097081732617
chua,2,1,48.300000000000004,-0.28899188430257317
chua,2,1,48.35,-0.29004459934154014
chua,2,1,48.400000000000006,-0.29020814250446764
chua,2,1,48.45,-0.2919855241974347
chua,2,1,48.5,-0.29427262325373554
chua,2,1,48.550000000000004,-0.2921058967440733
chua,2,1,48.6,-0.29271641916342783
chua,2,1,48.650000000000006,-0.2908947033136529
chua,2,1,48.7,-0.2911949920794309
chua,2,1,48.75,-0.29256858039406286
chua,2,1,48.800000000000004,-0.2951917602863326
chua,2,1,48.85,-0.296663274799228
chua,2,1,48.900000000000006,-0.29649619658811244
chua,2,1,48.95,-0.2979334228889931
chua,2,1,49.0,-0.29718224281324745
chua,2,1,49.050000000000004,-0.29602579751380304
chua,2,1,49.1,-0.2965652752436789
chua,2,1,49.150000000000006,-0.2958723549974066
chua,2,1,49.2,-0.29945465325393106
chua,2,1,49.25,-0.2947236977224344
chua,2,1,49.300000000000004,-0.2953614872239791
chua,2,1,49.35,-0.29612491022793463
chua,2,1,49.400000000000006,-0.29897267295338
chua,2,1,49.45,-0.2969524729937997
chua,2,1,49.5,-0.2956436928140797
chua,2,1,49.550000000000004,-0.29912434206435773
chua,2,1,49.6,-0.295869761569996
chua,2,1,49.650000000000006,-0.2980824564941229
chua,2,1,49.7,-0.298831941244051
chua,2,1,49.75,-0.2988913004892214
chua,2,1,49.800000000000004,-0.2992868298024142
chua,2,1,49.85,-0.29688426376258714
chua,2,1,49.900000000000006,-0.2980542059708526
chua,2,1,49.95,-0.2964161006733167
chua,2,1,50.0,-0.295338097433875
